benchmark_group,sigma,first_method,second_method,difference,metric,images,mean_difference,std_difference,median_difference,ci95_low,ci95_high,wins,ties,losses,win_percentage,comparison_type
div2k,0.05,U-Tikhonov x16 CG32,U-Tikhonov x4 CG32,U-Tikhonov x16 CG32 - U-Tikhonov x4 CG32,PSNR,100,-0.0181888198852539,0.3280778900755298,0.0191020965576171,-0.0853349070549011,0.0418783044815063,55,0,45,55.0,one_factor_ablation
div2k,0.05,U-Tikhonov x16 CG32,U-Tikhonov x4 CG32,U-Tikhonov x16 CG32 - U-Tikhonov x4 CG32,SSIM,100,-0.0009475946426391,0.0069183401489969,-0.0002543926239013,-0.0023606880009174,0.0003093172609806,49,0,51,49.0,one_factor_ablation
div2k,0.05,U-Tikhonov x16 CG64,U-Tikhonov x4 CG64,U-Tikhonov x16 CG64 - U-Tikhonov x4 CG64,PSNR,100,-0.1560111999511718,0.2024006226534278,-0.1194667816162109,-0.1994978713989257,-0.1201318626403808,7,0,93,7.0,one_factor_ablation
div2k,0.05,U-Tikhonov x16 CG64,U-Tikhonov x4 CG64,U-Tikhonov x16 CG64 - U-Tikhonov x4 CG64,SSIM,100,-0.0034302127361297,0.0062431195726192,-0.0023994743824005,-0.0046994822025299,-0.0022268232703208,15,0,85,15.0,one_factor_ablation
div2k,0.05,U-Tikhonov x4 CG64,U-Tikhonov x4 CG32,U-Tikhonov x4 CG64 - U-Tikhonov x4 CG32,PSNR,100,0.0836884689331054,0.1421605486170026,0.0992136001586914,0.055083463191986,0.1110107855796813,84,0,16,84.0,one_factor_ablation
div2k,0.05,U-Tikhonov x4 CG64,U-Tikhonov x4 CG32,U-Tikhonov x4 CG64 - U-Tikhonov x4 CG32,SSIM,100,0.0012678205966949,0.0063610619212221,0.0010095834732055,6.168866157531745e-05,0.0025220220386981,66,0,34,66.0,one_factor_ablation
div2k,0.05,U-Tikhonov x16 CG64,U-Tikhonov x16 CG32,U-Tikhonov x16 CG64 - U-Tikhonov x16 CG32,PSNR,100,-0.0541339111328125,0.2397120734570038,-0.0188865661621093,-0.1022696738243102,-0.0080369119644165,43,0,57,43.0,one_factor_ablation
div2k,0.05,U-Tikhonov x16 CG64,U-Tikhonov x16 CG32,U-Tikhonov x16 CG64 - U-Tikhonov x16 CG32,SSIM,100,-0.0012147974967956,0.0059523160166556,-0.0011439323425292,-0.0023896632939577,-3.8982942700386205e-05,42,0,58,42.0,one_factor_ablation
div2k,0.1,U-Tikhonov x16 CG32,U-Tikhonov x4 CG32,U-Tikhonov x16 CG32 - U-Tikhonov x4 CG32,PSNR,100,0.0605535316467285,0.1446689974295863,0.0542888641357421,0.0316075043678283,0.0879162464141845,72,0,28,72.0,one_factor_ablation
div2k,0.1,U-Tikhonov x16 CG32,U-Tikhonov x4 CG32,U-Tikhonov x16 CG32 - U-Tikhonov x4 CG32,SSIM,100,0.0007602965831756,0.0080070538248855,0.0001166760921478,-0.0007925884276628,0.0023511362969875,52,0,48,52.0,one_factor_ablation
div2k,0.1,U-Tikhonov x16 CG64,U-Tikhonov x4 CG64,U-Tikhonov x16 CG64 - U-Tikhonov x4 CG64,PSNR,100,-0.044926414489746,0.1115686824176281,-0.0285243988037109,-0.0679657106399536,-0.0249172663688659,29,0,71,29.0,one_factor_ablation
div2k,0.1,U-Tikhonov x16 CG64,U-Tikhonov x4 CG64,U-Tikhonov x16 CG64 - U-Tikhonov x4 CG64,SSIM,100,0.0021414500474929,0.0076734448348601,0.0012449026107788,0.0006158612519502,0.0035895625650882,65,0,35,65.0,one_factor_ablation
div2k,0.1,U-Tikhonov x4 CG64,U-Tikhonov x4 CG32,U-Tikhonov x4 CG64 - U-Tikhonov x4 CG32,PSNR,100,0.0116705322265625,0.1298497670222045,0.0177488327026367,-0.0137643537521362,0.0365960221290588,52,0,48,52.0,one_factor_ablation
div2k,0.1,U-Tikhonov x4 CG64,U-Tikhonov x4 CG32,U-Tikhonov x4 CG64 - U-Tikhonov x4 CG32,SSIM,100,-0.0033957016468048,0.0051563233448039,-0.0021635890007019,-0.0044229737222194,-0.0024386012405157,21,0,79,21.0,one_factor_ablation
div2k,0.1,U-Tikhonov x16 CG64,U-Tikhonov x16 CG32,U-Tikhonov x16 CG64 - U-Tikhonov x16 CG32,PSNR,100,-0.0938094139099121,0.0561459630593038,-0.0930957794189453,-0.1053862900733947,-0.0836076536178588,3,0,97,3.0,one_factor_ablation
div2k,0.1,U-Tikhonov x16 CG64,U-Tikhonov x16 CG32,U-Tikhonov x16 CG64 - U-Tikhonov x16 CG32,SSIM,100,-0.0020145481824874,0.0029191630254715,-0.0020495355129241,-0.002581052750349,-0.0014303282797336,19,0,81,19.0,one_factor_ablation
div2k,0.15,U-Tikhonov x16 CG32,U-Tikhonov x4 CG32,U-Tikhonov x16 CG32 - U-Tikhonov x4 CG32,PSNR,100,0.0718651580810546,0.0806564121003022,0.0635557174682617,0.0562002835273742,0.087854395866394,88,0,12,88.0,one_factor_ablation
div2k,0.15,U-Tikhonov x16 CG32,U-Tikhonov x4 CG32,U-Tikhonov x16 CG32 - U-Tikhonov x4 CG32,SSIM,100,0.0065409633517265,0.0125651609146117,0.0026510953903198,0.0042587962895631,0.0091106470003724,74,0,26,74.0,one_factor_ablation
div2k,0.15,U-Tikhonov x16 CG64,U-Tikhonov x4 CG64,U-Tikhonov x16 CG64 - U-Tikhonov x4 CG64,PSNR,100,0.0348904609680175,0.082746823837467,0.0315961837768554,0.018952896118164,0.0509025363922119,78,0,22,78.0,one_factor_ablation
div2k,0.15,U-Tikhonov x16 CG64,U-Tikhonov x4 CG64,U-Tikhonov x16 CG64 - U-Tikhonov x4 CG64,SSIM,100,0.0106877717375755,0.0116309915582982,0.0074663162231445,0.0085135387480258,0.0130655368715524,94,0,6,94.0,one_factor_ablation
div2k,0.15,U-Tikhonov x4 CG64,U-Tikhonov x4 CG32,U-Tikhonov x4 CG64 - U-Tikhonov x4 CG32,PSNR,100,-0.0475676536560058,0.101814247658589,-0.050811767578125,-0.0672800674438476,-0.0277132019996643,28,0,72,28.0,one_factor_ablation
div2k,0.15,U-Tikhonov x4 CG64,U-Tikhonov x4 CG32,U-Tikhonov x4 CG64 - U-Tikhonov x4 CG32,SSIM,100,-0.0080640822649002,0.0070204230891736,-0.0070414543151855,-0.0094502869844436,-0.0067294611632823,12,0,88,12.0,one_factor_ablation
div2k,0.15,U-Tikhonov x16 CG64,U-Tikhonov x16 CG32,U-Tikhonov x16 CG64 - U-Tikhonov x16 CG32,PSNR,100,-0.0845423507690429,0.0401258969195289,-0.0781421661376953,-0.0925817346572876,-0.076917429447174,1,0,99,1.0,one_factor_ablation
div2k,0.15,U-Tikhonov x16 CG64,U-Tikhonov x16 CG32,U-Tikhonov x16 CG64 - U-Tikhonov x16 CG32,SSIM,100,-0.0039172738790512,0.0045204832366196,-0.003884345293045,-0.0048007906973361,-0.0030296437442302,15,0,85,15.0,one_factor_ablation
div2k,0.2,U-Tikhonov x16 CG32,U-Tikhonov x4 CG32,U-Tikhonov x16 CG32 - U-Tikhonov x4 CG32,PSNR,100,0.0713010597229003,0.0716159549568435,0.0616312026977539,0.0576729979515075,0.0859531860351562,92,0,8,92.0,one_factor_ablation
div2k,0.2,U-Tikhonov x16 CG32,U-Tikhonov x4 CG32,U-Tikhonov x16 CG32 - U-Tikhonov x4 CG32,SSIM,100,0.0126761907339096,0.0172382479685097,0.0073885023593902,0.0094875045642256,0.016239901125431,86,0,14,86.0,one_factor_ablation
div2k,0.2,U-Tikhonov x16 CG64,U-Tikhonov x4 CG64,U-Tikhonov x16 CG64 - U-Tikhonov x4 CG64,PSNR,100,0.0745004940032958,0.0750557811475986,0.0661439895629882,0.0604888458251953,0.0897840363979339,93,0,7,93.0,one_factor_ablation
div2k,0.2,U-Tikhonov x16 CG64,U-Tikhonov x4 CG64,U-Tikhonov x16 CG64 - U-Tikhonov x4 CG64,SSIM,100,0.0181149452924728,0.0166345448284957,0.0119479596614837,0.0150526176989078,0.0215397513508796,97,0,3,97.0,one_factor_ablation
div2k,0.2,U-Tikhonov x4 CG64,U-Tikhonov x4 CG32,U-Tikhonov x4 CG64 - U-Tikhonov x4 CG32,PSNR,100,-0.0737758064270019,0.0711434183777268,-0.0808868408203125,-0.0875375881195068,-0.0599219908714294,10,0,90,10.0,one_factor_ablation
div2k,0.2,U-Tikhonov x4 CG64,U-Tikhonov x4 CG32,U-Tikhonov x4 CG64 - U-Tikhonov x4 CG32,SSIM,100,-0.0110096234083175,0.0078963121187571,-0.0100042223930358,-0.0125648658573627,-0.009491374976933,7,0,93,7.0,one_factor_ablation
div2k,0.2,U-Tikhonov x16 CG64,U-Tikhonov x16 CG32,U-Tikhonov x16 CG64 - U-Tikhonov x16 CG32,PSNR,100,-0.0705763721466064,0.0382815698921805,-0.0679378509521484,-0.0782166655063629,-0.0631856656074524,2,0,98,2.0,one_factor_ablation
div2k,0.2,U-Tikhonov x16 CG64,U-Tikhonov x16 CG32,U-Tikhonov x16 CG64 - U-Tikhonov x16 CG32,SSIM,100,-0.0055708688497543,0.0056201210699715,-0.0051202774047851,-0.0066838507577776,-0.0044768426194787,14,0,86,14.0,one_factor_ablation
